id,first_name,last_name,email,ip_address,height
1,Gibb,Blakey,gblakey0@example.com,13.100.179.33,146.5
2,Nelly,Mahood,nmahood1@sitemeter.com,244.191.252.39,188.2
3,Jake,Jeune,jjeune2@ocn.ne.jp,9.167.163.116,193.9
4,Ogdan,Steptoe,osteptoe3@mit.edu,99.205.142.165,179.4
5,Kiel,Shercliff,kshercliff4@chicagotribune.com,127.83.174.181,155.1
6,Tyrone,Dowbiggin,tdowbiggin5@ocn.ne.jp,138.60.26.190,202.5
7,Warden,Raff,wraff6@google.de,241.81.160.144,186.2
8,Daryle,Yeabsley,dyeabsley7@opensource.org,144.38.7.227,177.4
9,Tracey,Filer,tfiler8@over-blog.com,26.37.85.187,175.1
10,Mitchel,Graundisson,mgraundisson9@photobucket.com,235.142.60.24,193.1
11,Linoel,Durnell,ldurnella@chronoengine.com,174.55.22.1,157.5
12,Agace,Lecointe,alecointeb@yahoo.co.jp,244.52.211.228,152.4
13,Tris,Moncrieffe,tmoncrieffec@barnesandnoble.com,161.46.135.132,160.3
14,Sebastiano,Cotillard,scotillardd@netlog.com,61.239.246.23,156.7
15,Dayna,Fawdry,dfawdrye@sphinn.com,215.240.222.99,177.8
16,Olivero,Cookes,ocookesf@fda.gov,253.54.61.208,178.9
17,Shawn,Lane,slaneg@mac.com,253.22.248.26,165.5
18,Elvera,Dee,edeeh@prnewswire.com,150.144.249.111,176.3
19,Bunnie,Grog,bgrogi@bizjournals.com,0.184.204.85,140.0
20,Milo,Gelling,mgellingj@trellian.com,26.4.245.62,177.3
21,Royal,Henrichs,rhenrichsk@google.co.uk,252.204.164.44,176.4
22,Tore,Godfree,tgodfreel@themeforest.net,6.234.183.94,174.3
23,Torin,Lardeur,tlardeurm@ft.com,12.102.230.58,182.1
24,Brina,Merryman,bmerrymann@liveinternet.ru,190.190.233.201,178.1
25,Fidole,Gobeau,fgobeauo@toplist.cz,200.189.178.14,144.7
26,Vail,Fairall,vfairallp@craigslist.org,90.49.219.98,151.6
27,Moses,Chatenier,mchatenierq@home.pl,79.59.159.184,177.1
28,Lindsey,Ginnally,,145.40.44.60,191.5
29,Nikki,Soall,nsoalls@mlb.com,236.231.188.48,201.8
30,Skipton,Rock,srockt@netvibes.com,95.239.105.180,201.8
31,Bernadine,Carnihan,bcarnihanu@chron.com,224.30.179.65,156.5
32,Kayle,Akrigg,kakriggv@nba.com,125.238.199.245,167.5
33,Jane,Liptrod,jliptrodw@baidu.com,154.67.205.189,171.7
34,Sterling,De Rye Barrett,sderyebarrettx@bbb.org,105.247.40.81,176.6
35,Erroll,Viscovi,eviscoviy@ibm.com,201.122.138.74,149.1
36,Decca,Naulty,dnaultyz@csmonitor.com,16.166.94.182,140.2
37,Tasia,Littrell,tlittrell10@bandcamp.com,164.128.59.188,168.9
38,Odette,Kyles,okyles11@kickstarter.com,19.141.231.44,168.5
39,Nicolais,Dewi,ndewi12@mit.edu,246.15.159.118,182.2
40,Egan,Lerigo,elerigo13@netscape.com,115.189.239.3,195.7
41,Corliss,Vakhrushin,cvakhrushin14@booking.com,102.65.245.67,160.8
42,Angil,Yeskov,ayeskov15@360.cn,54.181.8.86,180.4
43,Marijn,Vel,mvel16@google.co.jp,221.79.79.77,155.9
44,Nadya,Newitt,nnewitt17@nsw.gov.au,243.41.72.147,171.6
45,Giorgi,Leisk,gleisk18@ycombinator.com,8.45.24.141,143.3
46,Sarah,Eisikovitsh,seisikovitsh19@japanpost.jp,146.2.87.159,149.8
47,Joella,Catterson,jcatterson1a@youku.com,30.206.225.126,200.9
48,Chickie,Imeson,cimeson1b@bravesites.com,61.236.131.10,184.9
49,Aubry,Parmiter,aparmiter1c@shop-pro.jp,93.114.191.212,181.4
50,Sandy,Santo,ssanto1d@mapquest.com,190.67.95.185,162.2
51,Jorgan,Vasishchev,jvasishchev1e@desdev.cn,75.210.243.92,181.5
52,Sena,Rattenberie,srattenberie1f@vimeo.com,12.194.27.69,160.8
53,Faydra,Maestrini,fmaestrini1g@aboutads.info,96.93.240.59,150.9
54,Grady,Grzelczyk,ggrzelczyk1h@msu.edu,113.78.142.175,192.7
55,Leif,Plewes,lplewes1i@parallels.com,19.255.15.198,146.8
56,Errol,McIan,emcian1j@so-net.ne.jp,162.204.61.76,148.1
57,Waldo,Matcham,wmatcham1k@furl.net,160.44.201.12,166.7
58,Yank,Laxen,ylaxen1l@hatena.ne.jp,220.226.152.60,152.0
59,Brook,Gammade,bgammade1m@elegantthemes.com,4.212.230.71,
60,Anestassia,Iwanicki,aiwanicki1n@studiopress.com,43.6.40.19,202.6
61,Constantia,Bohin,cbohin1o@icq.com,54.10.243.34,151.3
62,Simone,Howden,showden1p@sina.com.cn,14.201.251.229,184.1
63,Deeanne,McKinstry,dmckinstry1q@slate.com,236.248.176.138,152.1
64,Perla,Shann,pshann1r@paginegialle.it,209.232.88.118,184.0
65,Emmalyn,Fulbrook,efulbrook1s@illinois.edu,180.170.227.45,166.3
66,Ag,Foddy,afoddy1t@yahoo.com,116.217.133.252,170.6
67,Bambie,Bycraft,bbycraft1u@woothemes.com,5.86.72.198,192.8
68,Adriaens,Best,abest1v@constantcontact.com,134.146.113.234,186.8
69,Bliss,Sandercroft,bsandercroft1w@vistaprint.com,151.231.237.0,182.1
70,Sandra,Roles,sroles1x@wired.com,214.9.153.199,197.4
71,Jacobo,Pelosi,jpelosi1y@gravatar.com,168.152.203.150,159.2
72,Carly,Rummery,crummery1z@earthlink.net,235.131.213.212,174.5
73,Lilias,Sidery,lsidery20@sfgate.com,191.175.240.160,156.2
74,Hermon,Lagde,hlagde21@wired.com,142.236.13.252,184.5
75,Happy,Oldall,holdall22@answers.com,229.207.74.102,186.8
76,Chrissy,Bafford,cbafford23@issuu.com,74.136.50.180,187.8
77,Anjanette,Miranda,amiranda24@studiopress.com,35.100.59.45,152.8
78,Marty,Keeltagh,mkeeltagh25@ted.com,175.199.76.231,162.4
79,Naoma,Hutcheon,nhutcheon26@dot.gov,77.173.119.188,181.7
80,Wiatt,Eymer,weymer27@cornell.edu,210.79.196.186,169.8
81,Regen,Yaknov,ryaknov28@acquirethisname.com,68.211.107.31,194.8
82,Jeannette,Plackstone,jplackstone29@twitter.com,233.231.198.10,143.7
83,Odille,Delahunt,odelahunt2a@indiatimes.com,173.158.106.229,188.9
84,Israel,Pycock,ipycock2b@aol.com,193.242.30.246,144.0
85,Chickie,Willishire,cwillishire2c@chronoengine.com,68.102.25.132,169.1
86,Susie,Kiessel,skiessel2d@parallels.com,113.41.40.178,195.2
87,Janaya,Skerritt,jskerritt2e@auda.org.au,15.237.94.66,
88,Othilia,D'Enrico,odenrico2f@huffingtonpost.com,118.224.21.238,164.4
89,Alfie,Leward,aleward2g@pinterest.com,33.147.145.197,
90,Nap,Briggdale,nbriggdale2h@slashdot.org,202.250.179.216,163.5
91,Ola,Cogle,ocogle2i@indiegogo.com,177.33.136.176,144.9
92,Bryana,Seaborne,,7.76.86.244,157.4
93,Dean,Mose,dmose2k@clickbank.net,66.228.141.197,172.1
94,Gorden,Verdie,gverdie2l@sina.com.cn,124.89.197.230,156.0
95,Elwin,MacPadene,emacpadene2m@photobucket.com,75.28.103.98,171.6
96,Christie,Roback,croback2n@chicagotribune.com,61.210.46.173,
97,Dicky,Monckton,dmonckton2o@weather.com,49.107.22.158,147.4
98,Blane,Melbury,bmelbury2p@walmart.com,38.189.71.198,173.2
99,Beck,Linzee,blinzee2q@deliciousdays.com,215.162.210.29,175.8
100,Merwyn,Trett,mtrett2r@feedburner.com,209.144.64.251,146.4
101,Wainwright,Portlock,wportlock2s@furl.net,6.64.170.156,159.0
102,Davita,Skelbeck,dskelbeck2t@hugedomains.com,62.138.131.125,163.2
103,Rafe,Brodnecke,rbrodnecke2u@bizjournals.com,111.7.180.108,150.0
104,Jacquelynn,Greenhead,jgreenhead2v@about.me,204.34.217.3,149.1
105,Domenic,Weakley,dweakley2w@nps.gov,31.146.129.134,140.4
106,Dario,De Cruze,ddecruze2x@oakley.com,48.12.129.241,152.1
107,Priscilla,Simukov,psimukov2y@ustream.tv,94.83.57.112,161.7
108,Terrie,Dallimare,,122.143.241.28,164.7
109,Urban,McCandie,umccandie30@eepurl.com,120.128.136.4,154.6
110,Ange,Giberd,agiberd31@nydailynews.com,178.185.87.63,197.2
111,Corrianne,Jubb,cjubb32@prnewswire.com,33.111.49.235,150.2
112,Eilis,Starsmeare,,83.166.241.1,167.2
113,Webster,Gerriessen,wgerriessen34@lulu.com,93.121.122.163,180.6
114,Christian,Munkley,cmunkley35@weibo.com,246.202.88.147,153.3
115,Brett,Lorenzetti,blorenzetti36@wikispaces.com,121.164.4.132,196.4
116,Gustavo,Daykin,gdaykin37@apple.com,245.96.130.173,183.5
117,Mallory,Ledamun,mledamun38@thetimes.co.uk,6.138.141.80,185.1
118,Melinda,Exell,mexell39@domainmarket.com,170.119.127.19,167.7
119,Mal,Birtwistle,mbirtwistle3a@diigo.com,53.252.107.9,141.7
120,Clarisse,Henriet,chenriet3b@example.com,182.180.227.150,196.0
121,Mischa,Sowle,,254.255.145.234,188.5
122,Noby,Chowne,nchowne3d@sphinn.com,170.159.219.121,187.8
123,Fernande,Juarez,fjuarez3e@netlog.com,104.101.216.43,141.1
124,Robby,Matlock,rmatlock3f@cyberchimps.com,147.139.12.63,164.1
125,Dame,Feld,dfeld3g@baidu.com,186.154.188.78,142.4
126,Von,Stockdale,vstockdale3h@twitpic.com,72.42.5.104,191.2
127,Cornelle,Setchfield,csetchfield3i@pinterest.com,153.229.210.178,156.4
128,Ilise,Stronach,istronach3j@theglobeandmail.com,126.93.254.16,171.4
129,Elinor,Pawlett,epawlett3k@youtu.be,32.166.137.82,164.4
130,Patrick,Pringell,ppringell3l@baidu.com,253.227.127.72,175.4
131,Ardelia,McCarl,amccarl3m@nifty.com,217.178.157.153,175.4
132,Odessa,Rentenbeck,orentenbeck3n@nytimes.com,4.145.201.143,177.2
133,Linell,Checketts,lchecketts3o@huffingtonpost.com,178.239.70.47,181.4
134,Dael,Bruhnsen,dbruhnsen3p@elpais.com,82.185.163.11,165.7
135,Franklyn,Prickett,fprickett3q@un.org,139.210.48.178,192.1
136,Noreen,Rany,nrany3r@wix.com,125.195.206.114,163.7
137,Roseanna,Glasper,rglasper3s@twitpic.com,77.44.98.72,202.1
138,Trixi,Ebbles,tebbles3t@behance.net,86.190.217.193,160.1
139,Brendan,Threadgould,bthreadgould3u@theatlantic.com,174.20.217.254,143.1
140,Ivette,Bartrap,ibartrap3v@oaic.gov.au,234.141.206.99,158.0
141,Marybeth,Bampfield,mbampfield3w@princeton.edu,123.208.115.72,159.7
142,Lona,Pimlett,lpimlett3x@blog.com,206.246.10.49,
143,Giraud,Racine,gracine3y@wiley.com,154.172.229.12,178.1
144,Galina,Driutti,gdriutti3z@deliciousdays.com,185.183.171.220,177.9
145,Hyacinth,Corday,hcorday40@jalbum.net,41.98.120.5,187.3
146,Lissi,Symmons,lsymmons41@reddit.com,197.178.165.233,188.4
147,Wallie,Brumham,wbrumham42@amazonaws.com,84.94.24.185,183.4
148,Katrina,Cushe,kcushe43@cdc.gov,205.89.85.52,140.0
149,Bert,Badcock,bbadcock44@ask.com,62.152.148.11,147.1
150,Eulalie,Kristoffersen,ekristoffersen45@sun.com,26.51.100.52,151.3
151,Andromache,Pizey,apizey46@wisc.edu,157.101.172.219,200.4
152,Clare,Yakuntsov,cyakuntsov47@skype.com,179.231.255.139,188.7
153,Mag,Hanington,mhanington48@github.io,130.8.62.43,189.4
154,Simone,Eltone,seltone49@posterous.com,4.6.137.123,196.1
155,Rodolfo,Feenan,,227.69.236.93,159.6
156,Julio,Marmon,jmarmon4b@eventbrite.com,196.198.196.227,179.7
157,Kore,Vondruska,kvondruska4c@mayoclinic.com,230.113.197.120,149.1
158,Bary,Fothergill,bfothergill4d@yelp.com,180.139.255.43,184.1
159,Tildie,Langhor,tlanghor4e@typepad.com,60.212.197.31,170.8
160,Tally,Buckland,tbuckland4f@t-online.de,22.152.105.157,166.4
161,Parker,Reyes,preyes4g@biglobe.ne.jp,19.85.101.254,144.6
162,Velma,Knipe,vknipe4h@w3.org,240.198.216.50,181.6
163,Yasmeen,Abrahmovici,yabrahmovici4i@flickr.com,211.223.183.229,146.2
164,Aleen,Maysor,amaysor4j@live.com,165.48.117.176,192.8
165,Cherrita,Reicharz,creicharz4k@sina.com.cn,221.121.155.68,199.8
166,Gordy,Gladhill,ggladhill4l@walmart.com,185.238.116.187,149.6
167,Donnajean,Chamney,dchamney4m@desdev.cn,113.222.57.234,188.0
168,Arvy,Collomosse,acollomosse4n@engadget.com,228.17.156.90,147.2
169,Kristel,Knotte,kknotte4o@tinyurl.com,66.142.172.9,189.2
170,Rooney,Heasley,rheasley4p@reuters.com,119.81.43.7,179.5
171,Pierette,Corderoy,pcorderoy4q@yolasite.com,141.222.27.31,168.5
172,Rees,Matieu,rmatieu4r@patch.com,147.188.41.243,166.4
173,Herta,Antoniades,hantoniades4s@ebay.com,63.61.217.48,200.7
174,Arlana,Burgane,aburgane4t@bandcamp.com,91.7.33.15,156.0
175,Harriott,Conradsen,hconradsen4u@example.com,200.146.195.143,173.3
176,Sabra,Pray,spray4v@mac.com,195.244.154.209,201.5
177,Ebony,Gawith,egawith4w@yelp.com,62.151.201.201,164.6
178,Fedora,Capeloff,fcapeloff4x@gravatar.com,38.99.112.60,164.8
179,Joseito,Obee,jobee4y@marketwatch.com,151.105.226.204,199.5
180,Ray,Houlston,rhoulston4z@slashdot.org,53.193.159.124,183.3
181,Annabelle,Fetteplace,afetteplace50@google.nl,146.86.95.125,174.3
182,Waverley,Dreinan,wdreinan51@wordpress.com,48.160.57.100,194.7
183,Therine,Funcheon,tfuncheon52@jimdo.com,57.51.90.199,170.1
184,Katlin,Bartelot,kbartelot53@cdc.gov,182.206.119.164,149.2
185,Hilario,McBean,hmcbean54@squidoo.com,136.244.167.120,201.9
186,Tedman,Chestney,tchestney55@storify.com,13.29.180.140,155.8
187,Josephina,Gosnall,jgosnall56@hugedomains.com,42.191.222.192,183.0
188,Gayelord,Beesey,gbeesey57@cbsnews.com,61.49.169.158,194.8
189,Mikkel,Everett,meverett58@bbc.co.uk,65.9.229.179,
190,Gina,Nockolds,gnockolds59@51.la,120.48.233.34,175.3
191,Francesca,Waterland,fwaterland5a@dot.gov,160.28.189.132,155.6
192,Beniamino,Readitt,breaditt5b@washington.edu,136.251.203.80,147.3
193,Elysha,Ensor,eensor5c@yahoo.com,155.73.167.202,202.3
194,Durant,Beaston,dbeaston5d@tamu.edu,127.161.163.226,156.2
195,Paolina,Echalie,pechalie5e@eepurl.com,186.36.188.209,198.6
196,Rora,Phinnis,rphinnis5f@nasa.gov,13.114.82.193,169.2
197,Dar,Cowthard,dcowthard5g@salon.com,54.136.21.150,144.2
198,Frederique,Allmark,fallmark5h@miibeian.gov.cn,58.167.228.223,145.3
199,Dita,Pacher,dpacher5i@desdev.cn,29.59.240.125,179.8
200,Teodoor,Dongles,tdongles5j@about.com,55.166.217.138,192.5
201,Bird,Crackel,bcrackel5k@wikia.com,159.235.95.191,144.9
202,Drusie,Snuggs,,156.63.150.216,197.7
203,Harris,Petroselli,hpetroselli5m@nasa.gov,101.32.245.137,144.3
204,Bengt,Graveston,bgraveston5n@bloglines.com,20.170.34.33,158.6
205,Maurise,Notton,mnotton5o@1und1.de,131.188.159.198,164.2
206,Minda,Kingzeth,mkingzeth5p@miitbeian.gov.cn,215.67.52.49,161.2
207,Jami,Lanon,jlanon5q@nature.com,116.208.118.34,147.3
208,Karisa,Baillie,,182.152.143.0,188.5
209,Leoine,Harradine,lharradine5s@bluehost.com,176.109.211.11,186.8
210,Sasha,Galpin,sgalpin5t@marriott.com,200.134.39.60,181.8
211,Margot,McCumesky,mmccumesky5u@over-blog.com,59.134.249.213,170.5
212,Llywellyn,Slidders,lslidders5v@nih.gov,103.131.173.182,201.4
213,Chloe,Joice,cjoice5w@elpais.com,198.207.56.203,178.9
214,Lyndell,Houson,lhouson5x@berkeley.edu,145.19.127.64,170.1
215,Drucy,,dkohnen5y@foxnews.com,11.13.65.254,173.3
216,Todd,Solomonides,tsolomonides5z@alibaba.com,205.125.184.62,161.3
217,Ira,Mathouse,imathouse60@gizmodo.com,143.108.72.226,172.4
218,Kevan,Chick,kchick61@prnewswire.com,91.63.1.52,198.1
219,Philip,Worden,pworden62@ovh.net,3.156.120.207,171.7
220,Moss,Wiersma,mwiersma63@unesco.org,112.52.61.119,160.4
221,Cilka,McKelloch,cmckelloch64@hibu.com,157.159.6.21,147.1
222,Flint,Jery,fjery65@cdc.gov,153.126.114.139,171.7
223,Ree,Schuh,rschuh66@princeton.edu,192.17.230.14,192.5
224,Verne,Stuchbery,vstuchbery67@spotify.com,123.126.155.132,184.7
225,Ezmeralda,Pavett,epavett68@seattletimes.com,187.117.173.162,
226,Esta,Vannoni,,66.159.109.193,202.7
227,Mordecai,Robardey,mrobardey6a@i2i.jp,148.93.187.117,159.7
228,Aleksandr,Geraudel,ageraudel6b@arizona.edu,233.217.109.62,187.1
229,Westleigh,Lockner,wlockner6c@spotify.com,254.119.74.202,192.2
230,Dorena,Hateley,dhateley6d@springer.com,77.215.195.169,172.1
231,Catlee,Chapple,cchapple6e@google.pl,174.72.241.116,163.6
232,Holly,Harnott,hharnott6f@guardian.co.uk,254.99.132.53,147.3
233,Luigi,Domanski,ldomanski6g@chicagotribune.com,23.168.51.136,149.3
234,Mathilda,Taudevin,,151.7.199.34,182.6
235,Dunstan,Skipsea,dskipsea6i@jimdo.com,216.107.207.110,151.3
236,Ase,Kubek,akubek6j@weibo.com,66.115.129.62,141.6
237,Mariellen,Crowdy,,98.236.89.107,197.9
238,Junie,Smidmoor,jsmidmoor6l@ow.ly,26.141.98.167,182.0
239,Kyle,,kdaysh6m@alexa.com,175.27.45.242,187.2
240,Marita,Chaffer,mchaffer6n@mit.edu,192.191.192.1,196.2
241,Dreddy,Patience,dpatience6o@sitemeter.com,198.185.68.120,161.2
242,Sabrina,,souldred6p@google.fr,105.157.82.217,150.1
243,Fonz,Irnis,firnis6q@ihg.com,178.187.194.69,185.5
244,Corty,D'Antoni,cdantoni6r@bloglines.com,59.16.219.3,180.3
245,Katusha,Jude,kjude6s@paginegialle.it,122.74.89.253,162.7
246,Bourke,Tellenbroker,btellenbroker6t@jimdo.com,141.46.66.105,179.5
247,Rowney,Dishman,rdishman6u@stumbleupon.com,54.253.154.193,195.3
248,Gabi,Vayne,gvayne6v@vk.com,4.241.42.86,188.6
249,Genia,Currao,gcurrao6w@tripadvisor.com,128.175.161.27,182.9
250,Lelah,Grogan,lgrogan6x@apache.org,190.18.184.142,185.7
251,Doretta,Olivet,dolivet6y@cloudflare.com,223.14.1.35,157.9
252,Edsel,Schiementz,eschiementz6z@apple.com,220.80.30.126,149.1
253,Libby,Andre,landre70@meetup.com,154.103.119.162,173.2
254,Thurston,Skala,tskala71@wix.com,43.107.173.181,149.5
255,Ruddy,Summerskill,rsummerskill72@samsung.com,207.65.69.91,200.5
256,Murial,Malcolmson,mmalcolmson73@pagesperso-orange.fr,75.105.1.114,174.5
257,Anatole,Baudon,abaudon74@europa.eu,233.77.218.37,152.5
258,Trixie,Whitaker,twhitaker75@nydailynews.com,238.136.202.63,199.6
259,Sid,McKune,smckune76@kickstarter.com,21.101.148.166,148.2
260,Debee,Rieger,,122.134.9.137,174.6
261,Sherm,Dansey,sdansey78@miibeian.gov.cn,161.84.98.183,159.3
262,Julian,Lindemann,jlindemann79@networksolutions.com,76.190.131.106,160.4
263,York,Southall,ysouthall7a@adobe.com,9.210.228.11,198.3
264,Vikky,Havoc,vhavoc7b@slideshare.net,193.24.91.214,146.1
265,Meridith,Kilby,mkilby7c@purevolume.com,238.217.199.246,144.6
266,Eddy,Packman,epackman7d@cafepress.com,227.79.130.109,178.8
267,Laurens,Messent,lmessent7e@jalbum.net,37.89.227.79,141.9
268,Christyna,Shaddock,cshaddock7f@businesswire.com,173.147.34.135,176.7
269,Shelley,Rodnight,srodnight7g@dailymotion.com,161.231.225.82,
270,Bethina,Vallentin,bvallentin7h@purevolume.com,177.217.123.1,178.2
271,Almire,Blackborne,ablackborne7i@examiner.com,175.84.245.0,188.4
272,Vernen,Lere,vlere7j@dailymail.co.uk,94.129.201.221,149.6
273,Urbain,Wookey,uwookey7k@wp.com,57.252.24.10,199.7
274,Alexia,Mattacks,amattacks7l@nsw.gov.au,155.131.24.212,143.2
275,Henrietta,,hdolden7m@paypal.com,197.157.230.124,152.8
276,Vitoria,Drinkale,vdrinkale7n@nsw.gov.au,71.226.173.126,195.3
277,Donnell,Martineau,dmartineau7o@squarespace.com,70.92.0.175,168.2
278,Juan,Rubinowitsch,jrubinowitsch7p@bizjournals.com,115.108.83.53,140.9
279,Barret,Davidou,bdavidou7q@nifty.com,236.155.13.217,160.9
280,Jamie,Breadon,jbreadon7r@issuu.com,164.210.179.55,147.5
281,Sharia,Faulder,sfaulder7s@paginegialle.it,22.183.143.73,171.4
282,Guthrie,Scutchings,gscutchings7t@reuters.com,98.201.188.35,163.7
283,Johnnie,Note,,36.224.47.152,158.6
284,Della,Weeds,dweeds7v@cloudflare.com,68.37.89.238,194.2
285,Samuel,Zanre,szanre7w@privacy.gov.au,47.218.166.224,165.1
286,Verile,Bispham,vbispham7x@weibo.com,202.173.4.201,165.2
287,Binni,Filpi,bfilpi7y@cocolog-nifty.com,208.85.100.120,190.4
288,Myrta,Andrault,mandrault7z@tripadvisor.com,150.73.183.125,176.4
289,Langsdon,Pirrie,lpirrie80@noaa.gov,165.69.242.76,161.8
290,Phyllys,Load,pload81@google.pl,26.27.59.171,149.6
291,Ernie,Vallens,evallens82@1688.com,236.191.37.74,142.9
292,Humphrey,McGaughay,hmcgaughay83@webs.com,174.60.169.196,163.3
293,Quinta,Dannehl,qdannehl84@vimeo.com,242.7.34.131,155.2
294,Myer,Frary,mfrary85@independent.co.uk,223.170.37.207,141.0
295,Emlyn,Hurling,ehurling86@symantec.com,139.177.110.243,177.5
296,Etty,Hotton,ehotton87@yahoo.com,214.196.229.86,169.3
297,Wood,Delamere,wdelamere88@msn.com,80.79.140.95,145.5
298,Kalvin,Herrema,kherrema89@google.es,186.238.212.202,150.3
299,Nolie,Ernke,nernke8a@istockphoto.com,254.48.252.14,175.2
300,Cassey,Windross,cwindross8b@creativecommons.org,60.114.1.9,187.5
301,Sheppard,Olufsen,solufsen8c@reverbnation.com,50.209.217.90,143.7
302,Delilah,Wayman,dwayman8d@spotify.com,147.147.47.125,140.6
303,Barty,Alasdair,balasdair8e@discovery.com,158.38.195.254,146.4
304,Skipp,Caush,scaush8f@dyndns.org,71.28.8.133,190.8
305,Brunhilde,Reavell,breavell8g@latimes.com,82.61.69.191,198.0
306,Rhody,Greenroa,rgreenroa8h@reverbnation.com,61.151.94.240,143.5
307,Rodd,MacFadden,rmacfadden8i@creativecommons.org,89.80.219.235,174.5
308,Hatty,Sarver,hsarver8j@si.edu,94.252.173.211,189.4
309,Bailey,Ure,bure8k@alexa.com,91.115.124.10,195.6
310,Alane,Mackneis,amackneis8l@ucla.edu,103.237.43.192,179.1
311,Mirabel,Karleman,mkarleman8m@ebay.co.uk,122.105.103.168,194.0
312,Jelene,Low,jlow8n@toplist.cz,35.19.177.183,198.8
313,Joelynn,Grigore,jgrigore8o@wsj.com,159.139.125.159,140.2
314,Parke,Feak,pfeak8p@craigslist.org,207.64.196.206,158.0
315,Feliks,Betterton,fbetterton8q@huffingtonpost.com,36.220.68.111,182.2
316,Harri,Carney,hcarney8r@google.co.uk,43.35.137.45,142.7
317,Indira,Heber,iheber8s@wordpress.com,103.242.58.117,143.5
318,Aurelea,Danell,adanell8t@instagram.com,28.42.215.86,155.2
319,Lindie,MacMeanma,lmacmeanma8u@walmart.com,224.253.14.202,191.9
320,Cicily,Filipychev,,240.205.9.245,188.5
321,Othello,Hullett,ohullett8w@123-reg.co.uk,211.60.134.150,187.5
322,Yehudi,Valois,yvalois8x@ebay.co.uk,65.223.75.33,157.2
323,Elfreda,Lusk,elusk8y@washingtonpost.com,73.200.69.235,182.9
324,Daune,Tossell,dtossell8z@vinaora.com,7.253.214.180,168.3
325,Nerte,Wellstead,nwellstead90@reddit.com,169.133.125.43,182.2
326,Gare,Sibbe,gsibbe91@slate.com,197.18.31.20,202.0
327,Minnie,Kiddey,mkiddey92@upenn.edu,154.249.145.161,183.1
328,Hetti,Yorke,hyorke93@nifty.com,154.42.82.9,167.5
329,Elaina,Treanor,etreanor94@rediff.com,205.173.220.113,151.1
330,Reta,Veel,rveel95@jugem.jp,74.30.185.48,190.0
331,Carlene,Mitie,cmitie96@studiopress.com,96.128.67.31,164.0
332,Auria,Housecroft,ahousecroft97@princeton.edu,106.26.241.161,175.4
333,Gilbertina,Dunstone,gdunstone98@domainmarket.com,40.223.204.91,179.0
334,Kippy,Angrick,kangrick99@nyu.edu,75.80.70.42,158.9
335,Israel,Tumulty,itumulty9a@japanpost.jp,22.18.204.43,184.0
336,Garrik,Huddle,ghuddle9b@army.mil,198.221.194.221,188.7
337,Elisabet,Ivashkov,eivashkov9c@noaa.gov,195.9.33.50,194.5
338,Ricardo,Raddish,rraddish9d@163.com,219.34.26.165,146.8
339,Jacinta,Tweedie,jtweedie9e@buzzfeed.com,251.172.221.108,169.5
340,Erhart,Leedal,eleedal9f@walmart.com,172.35.32.208,199.8
341,Goldina,Baylie,gbaylie9g@jugem.jp,156.70.0.63,194.8
342,Joeann,Gascoine,jgascoine9h@moonfruit.com,8.32.91.153,192.9
343,Zacharia,Skim,zskim9i@barnesandnoble.com,214.163.209.227,157.1
344,Denna,Djekic,ddjekic9j@e-recht24.de,222.91.214.63,164.0
345,Mycah,Pond-Jones,mpondjones9k@dailymail.co.uk,52.130.184.142,195.4
346,Greta,De Ferrari,gdeferrari9l@ehow.com,250.110.42.76,154.3
347,Cilka,Dulen,cdulen9m@reference.com,49.185.95.22,140.2
348,Alexandrina,Dottrell,adottrell9n@nature.com,198.33.78.178,177.0
349,Lindsy,Revill,lrevill9o@nba.com,40.25.137.193,188.2
350,Cordelia,Winterflood,cwinterflood9p@live.com,83.213.4.213,172.9
351,Arlin,Fishpoole,afishpoole9q@nba.com,20.150.157.43,
352,Angelo,Scally,ascally9r@jigsy.com,181.38.109.19,153.7
353,Blisse,Liver,bliver9s@blogspot.com,140.125.16.197,202.6
354,Rickard,Truitt,rtruitt9t@stumbleupon.com,44.118.112.251,164.5
355,Sheila,Garrard,sgarrard9u@vkontakte.ru,204.211.79.217,151.5
356,Eunice,Pavel,epavel9v@zdnet.com,255.197.46.97,159.5
357,Micky,Beyn,mbeyn9w@eepurl.com,97.15.162.74,179.8
358,Cecile,Doble,,251.122.247.183,140.0
359,Celeste,Lamort,clamort9y@bravesites.com,109.87.59.47,141.7
360,Oona,Witts,owitts9z@who.int,107.155.27.89,142.3
361,Yetty,Kubach,ykubacha0@jimdo.com,89.117.219.8,140.1
362,Marcos,Denes,mdenesa1@webs.com,41.220.152.159,151.1
363,Steve,Backhurst,sbackhursta2@smh.com.au,31.243.177.42,140.3
364,Derrek,Martugin,dmartugina3@godaddy.com,107.111.93.160,143.7
365,Deeanne,Gledhall,dgledhalla4@mail.ru,218.2.118.93,152.8
366,Jordanna,Fice,jficea5@imdb.com,24.250.166.68,152.1
367,Laetitia,Hatwells,lhatwellsa6@tripod.com,7.190.231.13,149.1
368,Maurita,Mashal,mmashala7@chronoengine.com,68.49.100.212,159.3
369,Pat,Goult,pgoulta8@technorati.com,50.38.89.161,141.0
370,Nomi,Mozzini,nmozzinia9@bing.com,247.225.22.40,164.4
371,Lauren,Peckett,lpeckettaa@linkedin.com,226.105.130.163,186.2
372,Bran,Crowhurst,bcrowhurstab@ted.com,230.123.59.183,201.7
373,Mathew,Haisell,mhaisellac@mozilla.org,57.31.223.163,202.5
374,Tandie,Fonteyne,tfonteynead@npr.org,80.116.67.147,156.1
375,Jodi,Iorns,jiornsae@example.com,217.36.32.154,176.5
376,Doloritas,Croley,dcroleyaf@kickstarter.com,159.171.133.105,193.5
377,Dorry,Carwithen,dcarwithenag@si.edu,184.45.145.168,156.6
378,Hube,Southward,hsouthwardah@ask.com,108.97.245.69,178.7
379,Bryana,Heliar,bheliarai@webs.com,17.165.185.87,155.3
380,Rosabelle,Strephan,rstrephanaj@gmpg.org,11.212.188.65,155.9
381,Karlen,Odom,kodomak@oaic.gov.au,92.37.151.214,
382,Ula,Burry,uburryal@sciencedirect.com,26.202.31.86,182.9
383,Traver,Mayzes,tmayzesam@youku.com,99.166.170.56,168.1
384,Fabe,Colleymore,fcolleymorean@prweb.com,69.28.181.142,174.6
385,Alonso,Feaster,afeasterao@ed.gov,147.248.237.179,157.1
386,Virgie,Yesenev,vyesenevap@sogou.com,132.194.222.165,178.3
387,Joyan,Monard,jmonardaq@hostgator.com,148.190.33.255,159.2
388,Holly-anne,Foux,hfouxar@youtube.com,167.44.150.118,150.3
389,Verla,Forryan,vforryanas@xing.com,143.183.138.171,182.2
390,Jamesy,Arton,jartonat@blogspot.com,160.9.74.45,199.4
391,Dotti,Dobbyn,,19.34.241.51,195.8
392,Lesley,Aizikovich,laizikovichav@networkadvertising.org,208.37.65.104,169.9
393,Davidde,Samson,dsamsonaw@intel.com,124.113.144.174,186.1
394,Shana,Scotchmer,sscotchmerax@gnu.org,48.156.247.248,143.2
395,Victoria,Manlow,vmanloway@prlog.org,182.6.89.2,147.8
396,Waylin,Borg,wborgaz@reddit.com,63.9.242.126,145.3
397,Jorgan,Duffie,jduffieb0@theguardian.com,102.50.130.4,178.6
398,Isador,Villa,ivillab1@comcast.net,201.138.145.254,157.6
399,Lowell,Wannes,lwannesb2@weebly.com,214.86.11.0,181.8
400,Dody,Wearne,dwearneb3@psu.edu,66.187.175.139,183.0
401,Petronia,Fedorchenko,pfedorchenkob4@kickstarter.com,215.164.202.47,165.6
402,Lorenza,Steers,lsteersb5@bbc.co.uk,96.13.163.215,197.6
403,Edna,Fellona,efellonab6@wufoo.com,42.209.52.160,183.6
404,Marga,Hatchell,mhatchellb7@e-recht24.de,18.30.22.246,146.5
405,Christie,Valance,cvalanceb8@cdbaby.com,27.96.143.144,181.4
406,Sid,Wison,swisonb9@illinois.edu,219.16.147.144,180.5
407,Sibel,Paulin,spaulinba@yahoo.com,245.114.183.211,172.1
408,Fabe,Rowbury,frowburybb@biblegateway.com,178.135.31.191,170.2
409,Gabbie,Heinsen,gheinsenbc@artisteer.com,131.110.186.217,165.1
410,Edi,Meakes,emeakesbd@google.it,52.172.213.57,155.1
411,Padraig,Brunt,pbruntbe@pen.io,211.120.233.31,180.5
412,Suzanna,Cholton,scholtonbf@aboutads.info,31.174.196.234,151.0
413,Brynna,Brekonridge,bbrekonridgebg@arizona.edu,134.32.186.106,
414,Sherill,Bechley,sbechleybh@oakley.com,143.38.102.53,190.0
415,Meridel,Deppen,mdeppenbi@msn.com,171.164.40.177,187.0
416,Nettle,Ellingford,,110.229.232.112,
417,Damita,Scowcraft,dscowcraftbk@technorati.com,21.107.238.41,202.4
418,Nobie,Wedgbrow,nwedgbrowbl@cdc.gov,31.155.46.244,178.8
419,Raquel,Hunnisett,rhunnisettbm@acquirethisname.com,178.254.70.91,200.5
420,Bobbie,Daldan,bdaldanbn@patch.com,52.12.23.28,146.7
421,Davy,Klementz,dklementzbo@eventbrite.com,1.43.85.40,145.6
422,Hatti,Lakey,hlakeybp@latimes.com,252.30.224.213,181.5
423,Lindsey,O'Doghesty,lodoghestybq@aboutads.info,215.103.46.184,160.6
424,Diandra,Templeman,dtemplemanbr@biblegateway.com,112.100.64.173,180.1
425,Maryjo,Ceci,,32.24.6.231,185.0
426,Tybi,Teresse,tteressebt@princeton.edu,19.247.48.236,155.8
427,Ilene,de Bullion,idebullionbu@multiply.com,203.76.117.103,
428,Augustine,Learmond,alearmondbv@arizona.edu,178.175.211.135,182.9
429,Lorna,Chantrell,lchantrellbw@tumblr.com,221.86.115.189,194.3
430,Dougie,McCartney,dmccartneybx@wikia.com,200.144.63.91,176.6
431,Cliff,Cartmail,,206.220.246.181,197.9
432,Judith,Plowell,jplowellbz@php.net,166.94.194.214,197.9
433,Dunstan,Bellam,dbellamc0@macromedia.com,217.128.150.226,180.7
434,Nalani,Archbald,narchbaldc1@xinhuanet.com,176.238.246.201,198.0
435,Evonne,Antonutti,eantonuttic2@list-manage.com,141.220.174.140,202.4
436,Pearl,Kosel,pkoselc3@blog.com,228.155.196.150,172.8
437,Carilyn,McCalister,cmccalisterc4@apple.com,20.34.208.178,183.3
438,Barbee,Trevers,btreversc5@rambler.ru,202.2.88.27,146.5
439,Herby,Simonato,hsimonatoc6@miibeian.gov.cn,191.115.109.171,161.2
440,Jorey,Northedge,jnorthedgec7@blogs.com,238.148.33.122,186.2
441,Heath,Freeberne,hfreebernec8@wikimedia.org,52.142.233.183,197.6
442,Pollyanna,Casarili,pcasarilic9@ebay.com,2.234.224.233,145.2
443,Fabien,,fkordovanica@businessweek.com,140.81.133.79,166.7
444,Fredric,MacDunlevy,,122.218.248.18,202.2
445,Andree,Yve,ayvecc@mozilla.org,76.184.41.222,160.3
446,Camilla,Slocket,cslocketcd@japanpost.jp,73.219.82.153,167.2
447,Ev,Jeacop,,190.10.210.63,193.4
448,Bernardo,Trobridge,btrobridgecf@indiegogo.com,70.129.197.41,161.4
449,Inigo,Dencs,idencscg@mapy.cz,147.219.25.44,170.6
450,Esra,Dumphy,edumphych@princeton.edu,220.219.60.133,176.2
451,Guthrey,Alliker,gallikerci@mail.ru,136.38.86.185,149.7
452,Cairistiona,Gellier,cgelliercj@fotki.com,9.217.184.16,194.7
453,Carlynne,Marsham,,22.176.240.29,144.2
454,Nelia,,ndavidowichcl@alexa.com,146.249.98.22,142.0
455,Gav,Ashbey,gashbeycm@google.com,255.9.167.6,195.8
456,Chandra,Willacot,cwillacotcn@google.it,182.140.115.235,168.0
457,Antonella,Bedborough,abedboroughco@thetimes.co.uk,208.185.66.193,200.5
458,Amargo,Phythean,aphytheancp@desdev.cn,199.28.14.16,159.7
459,Tiffani,Hailes,thailescq@multiply.com,63.212.142.85,157.3
460,Fabian,Greenshields,fgreenshieldscr@example.com,39.75.125.224,184.9
461,Shepperd,Coning,sconingcs@discuz.net,123.96.37.252,148.3
462,Natalie,Dugall,ndugallct@huffingtonpost.com,2.137.30.0,172.0
463,Lucien,Ruprecht,lruprechtcu@jugem.jp,152.226.194.188,192.1
464,Hanni,Kemmey,,77.101.77.58,143.3
465,Hillier,Pinnijar,,253.105.220.236,147.7
466,Carmita,Kerins,ckerinscx@ning.com,146.17.10.4,148.6
467,Allissa,Swinnard,aswinnardcy@buzzfeed.com,197.163.152.129,192.4
468,Hamnet,Vakhrushev,hvakhrushevcz@php.net,218.124.15.6,162.6
469,Hendrika,Nertney,hnertneyd0@java.com,164.60.88.106,180.2
470,Libbi,Shafto,lshaftod1@marriott.com,6.129.80.93,152.5
471,Koralle,Iozefovich,kiozefovichd2@sakura.ne.jp,163.62.231.22,144.6
472,Cati,Salmond,csalmondd3@acquirethisname.com,52.64.62.81,196.1
473,Lin,Adame,ladamed4@simplemachines.org,157.26.214.36,189.1
474,Queenie,Paulson,qpaulsond5@prweb.com,245.83.112.78,183.2
475,Ami,Matyugin,amatyugind6@washington.edu,152.0.101.242,186.5
476,Lindie,Volkes,lvolkesd7@trellian.com,187.97.69.193,165.2
477,Abbey,Anton,aantond8@yandex.ru,40.126.108.113,
478,Zonnya,Baddoe,zbaddoed9@exblog.jp,79.50.132.21,164.9
479,Stormi,McCreedy,smccreedyda@answers.com,30.111.218.163,175.4
480,Garnette,Ashtonhurst,gashtonhurstdb@boston.com,28.141.168.12,160.9
481,Hilario,Draijer,hdraijerdc@typepad.com,76.73.159.110,179.8
482,Ephrem,,eslorancedd@apple.com,84.72.159.156,192.8
483,Harbert,McCorkindale,hmccorkindalede@issuu.com,147.243.202.154,191.1
484,Padraig,Musla,pmusladf@ibm.com,225.176.197.196,182.2
485,Barbara,Healings,bhealingsdg@wisc.edu,221.217.192.159,191.1
486,Alisun,Griffoen,agriffoendh@ustream.tv,114.208.132.20,171.8
487,Franky,Gill,fgilldi@tuttocitta.it,224.202.213.240,191.2
488,Ferrell,Boath,fboathdj@mtv.com,197.96.204.106,167.4
489,Hurleigh,Minucci,hminuccidk@msn.com,167.224.135.159,165.3
490,May,Mylchreest,mmylchreestdl@cpanel.net,208.96.31.35,201.8
491,Vaughn,Goodship,vgoodshipdm@japanpost.jp,106.139.255.168,175.5
492,Daisi,Johnigan,djohnigandn@shutterfly.com,162.19.140.44,196.3
493,Fielding,Smooth,fsmoothdo@google.ru,86.176.140.77,160.7
494,Amata,Klesel,akleseldp@amazon.co.jp,209.229.130.64,145.9
495,Leandra,Worvell,,51.9.137.144,191.8
496,Vivi,Le Friec,vlefriecdr@smugmug.com,5.160.240.206,200.6
497,Konstantin,Strowthers,kstrowthersds@cyberchimps.com,19.32.237.6,154.3
498,Penelopa,,probichondt@wsj.com,140.137.53.191,191.2
499,Cris,Benoy,cbenoydu@jugem.jp,139.59.24.27,177.3
500,Nadiya,Sandyford,nsandyforddv@merriam-webster.com,114.44.50.249,140.2
501,Dyane,Gaynor,dgaynordw@1688.com,233.237.218.177,150.4
502,Hyman,Hurich,hhurichdx@statcounter.com,93.233.203.101,
503,Ree,Gorwood,,143.183.210.204,191.0
504,Seana,Cathro,scathrodz@1688.com,124.116.29.4,166.0
505,Doralynne,Deavall,ddeavalle0@wired.com,140.13.226.198,192.3
506,Blake,Playden,bplaydene1@domainmarket.com,48.160.219.20,158.5
507,Melesa,Jurkiewicz,mjurkiewicze2@baidu.com,203.74.28.34,170.8
508,Mary,Torre,mtorree3@arstechnica.com,205.22.41.195,141.3
509,Beaufort,,bvassele4@xinhuanet.com,195.229.104.209,202.7
510,Rutter,Dorsey,rdorseye5@php.net,132.171.126.25,181.9
511,Dierdre,Gantzman,dgantzmane6@posterous.com,90.25.209.4,171.9
512,Dillon,Jelf,djelfe7@csmonitor.com,165.45.3.1,192.2
513,Myrle,Marran,mmarrane8@ucla.edu,98.181.27.155,183.7
514,Guinna,Chasteney,gchasteneye9@discovery.com,18.202.26.223,191.7
515,Timothy,Delacourt,,250.171.128.17,193.0
516,Kaile,Hatliffe,khatliffeeb@google.co.jp,154.235.181.94,153.4
517,Coretta,Althorp,calthorpec@freewebs.com,30.231.98.193,169.3
518,Janet,Jacke,jjackeed@shop-pro.jp,248.61.159.84,170.5
519,Cordell,Conlon,cconlonee@nasa.gov,192.3.153.197,183.7
520,Levy,Roadnight,lroadnightef@php.net,154.58.240.164,162.2
521,Mikael,Pauleau,mpauleaueg@51.la,151.158.65.56,160.5
522,Kimberly,Mariaud,,37.175.49.143,178.3
523,Hammad,Greenin,hgreeninei@liveinternet.ru,226.177.163.253,172.9
524,Suzanna,Doeg,sdoegej@yale.edu,103.72.95.94,198.0
525,Chaunce,Knightsbridge,cknightsbridgeek@cdbaby.com,94.153.48.22,189.7
526,Jared,Nestoruk,jnestorukel@dyndns.org,139.161.231.174,152.3
527,Nonnah,Mulhall,nmulhallem@merriam-webster.com,175.246.70.5,151.0
528,Monti,Shaylor,mshayloren@multiply.com,221.219.210.106,203.0
529,Ignacius,La Wille,ilawilleeo@amazonaws.com,228.234.71.54,179.6
530,Lydon,Halesworth,lhalesworthep@salon.com,152.220.155.9,191.5
531,Desmond,Najara,dnajaraeq@ifeng.com,112.23.43.55,200.8
532,Marika,Hurton,mhurtoner@google.com.br,105.139.161.42,180.6
533,Noemi,Creeghan,ncreeghanes@dailymotion.com,177.95.86.146,141.6
534,Harlin,Paxton,hpaxtonet@house.gov,129.192.151.61,199.3
535,Valeria,Magne,vmagneeu@chronoengine.com,137.70.31.29,188.2
536,Cecilius,Ramshay,cramshayev@webnode.com,246.67.191.199,154.6
537,Xymenes,Tynan,,128.217.8.223,149.2
538,Livia,,lblackeyex@nih.gov,187.55.117.75,164.6
539,Darelle,Valens-Smith,dvalenssmithey@comcast.net,51.141.189.173,148.2
540,Marjory,Grantham,mgranthamez@sbwire.com,25.182.240.200,199.8
541,Jo-anne,Coldrick,jcoldrickf0@dell.com,235.109.245.210,174.1
542,Calli,Shoveller,cshovellerf1@nhs.uk,93.142.120.53,164.0
543,Tommi,Surgeoner,tsurgeonerf2@pbs.org,160.5.206.158,186.1
544,Donni,Longstaffe,,178.8.80.191,184.0
545,Malvin,Littley,mlittleyf4@photobucket.com,65.206.53.133,195.5
546,Billy,Astie,bastief5@wordpress.org,216.160.144.253,
547,Morgan,Eldritt,meldrittf6@craigslist.org,28.106.32.165,147.4
548,Huntington,Rihanek,hrihanekf7@yellowbook.com,109.201.251.58,173.1
549,Luce,Tangye,ltangyef8@google.cn,175.93.45.168,195.2
550,Tasha,Alvar,talvarf9@canalblog.com,136.230.227.202,167.0
551,Titus,Southers,tsouthersfa@arizona.edu,139.245.166.39,170.4
552,Carmela,Claworth,cclaworthfb@techcrunch.com,27.98.130.63,185.0
553,Cal,Emmitt,cemmittfc@quantcast.com,216.251.164.89,200.3
554,Marietta,Entwhistle,mentwhistlefd@pbs.org,247.140.148.217,158.2
555,Staford,Farrer,sfarrerfe@live.com,54.195.148.102,141.6
556,Gunilla,Binnion,gbinnionff@etsy.com,34.4.127.222,161.6
557,Brooke,Lendon,blendonfg@comsenz.com,126.1.250.91,152.2
558,Karel,Honywill,khonywillfh@tuttocitta.it,18.202.215.248,
559,Jorey,Stayt,jstaytfi@huffingtonpost.com,116.44.29.30,179.8
560,Shawn,Hadgraft,,83.119.31.131,202.2
561,Lydon,Poyner,lpoynerfk@fema.gov,90.2.73.13,149.5
562,Algernon,Johanssen,ajohanssenfl@sourceforge.net,206.115.212.90,164.5
563,Jerry,Kluger,jklugerfm@admin.ch,190.35.12.121,148.5
564,Sammy,Swynfen,sswynfenfn@msn.com,18.145.161.37,186.0
565,Olivier,Haxell,ohaxellfo@elpais.com,51.162.7.34,187.5
566,Far,Wardle,fwardlefp@chronoengine.com,154.178.119.235,143.5
567,Gav,Le Breton De La Vieuville,glebretondelavieuvillefq@nydailynews.com,65.136.196.55,165.1
568,Bernarr,Severn,bsevernfr@mediafire.com,110.43.153.136,196.8
569,Inga,Burdekin,iburdekinfs@spotify.com,130.40.80.243,146.2
570,Corrinne,Chaloner,cchalonerft@youku.com,201.218.217.238,174.2
571,Isabelle,Aronoff,iaronofffu@simplemachines.org,94.51.205.155,166.2
572,Ellissa,Swinfen,eswinfenfv@godaddy.com,196.95.75.81,154.5
573,Amye,Britner,abritnerfw@samsung.com,109.178.175.138,174.4
574,Lanny,Radmore,lradmorefx@sun.com,38.195.194.250,176.6
575,Gonzalo,Ternent,gternentfy@wiley.com,133.103.74.17,179.1
576,Sloan,Aleksidze,saleksidzefz@mediafire.com,116.43.254.156,187.9
577,Tedd,MacCaull,tmaccaullg0@desdev.cn,226.188.159.195,188.1
578,Johnnie,Stivani,jstivanig1@meetup.com,209.172.238.47,148.0
579,Marylin,Fryman,mfrymang2@topsy.com,155.165.91.233,191.1
580,Lucais,Minguet,lminguetg3@army.mil,196.169.151.180,167.0
581,Dorolice,Bottomer,dbottomerg4@abc.net.au,211.238.97.234,193.0
582,Zondra,Skypp,,218.205.209.31,172.9
583,Lenka,,ldanieloug6@narod.ru,194.105.54.68,155.5
584,Arluene,Rivett,arivettg7@geocities.com,154.18.167.45,164.1
585,Lizbeth,Inkle,linkleg8@seattletimes.com,200.133.173.164,180.5
586,Carny,Zuanelli,,209.244.108.173,179.9
587,Richart,Rocco,rroccoga@dell.com,207.238.31.249,203.0
588,Alanah,Buckeridge,abuckeridgegb@ycombinator.com,38.73.45.182,
589,Rene,Stenning,rstenninggc@wisc.edu,14.184.66.242,185.7
590,Ginevra,Skittreal,gskittrealgd@dyndns.org,47.47.240.171,169.9
591,Billy,Reeks,breeksge@sun.com,108.78.201.59,179.5
592,Laurie,Jakubowsky,ljakubowskygf@issuu.com,30.75.194.10,144.2
593,Koenraad,Male,kmalegg@hostgator.com,83.19.41.194,198.5
594,Cheryl,Hendrik,chendrikgh@gov.uk,91.71.67.166,152.1
595,Claresta,Mc Caghan,cmccaghangi@earthlink.net,133.176.10.135,192.4
596,Tildi,Canfer,tcanfergj@wunderground.com,157.32.124.68,152.2
597,Zaneta,Hindrick,zhindrickgk@va.gov,235.59.237.33,156.4
598,Robinette,Pill,rpillgl@tinyurl.com,228.213.100.56,175.8
599,Hermine,Mercer,hmercergm@people.com.cn,165.3.72.188,188.4
600,Lilah,Skehan,lskehangn@weather.com,62.119.59.132,201.2
601,Mae,Klein,mkleingo@youtube.com,51.161.211.165,168.0
602,Kessia,Boshere,kbosheregp@unc.edu,181.242.50.219,189.5
603,Victoria,De Pietri,vdepietrigq@eepurl.com,229.142.255.15,194.3
604,Cynthy,Gianinotti,cgianinottigr@ow.ly,110.147.20.173,192.4
605,Gregg,Amburgy,gamburgygs@icio.us,112.224.69.4,202.6
606,Randolf,Bromell,rbromellgt@lycos.com,28.7.225.46,
607,Britni,Weedall,,229.173.15.128,147.8
608,Kizzee,Clark,kclarkgv@bandcamp.com,88.138.224.3,158.5
609,Dre,Bowland,dbowlandgw@nature.com,47.207.239.126,151.4
610,Susan,Grevatt,,22.52.224.195,145.5
611,Seumas,Alleyne,salleynegy@vk.com,235.246.60.200,148.7
612,Yvonne,Hartland,,108.50.147.241,195.1
613,Felicia,Somerbell,fsomerbellh0@csmonitor.com,209.60.105.105,202.4
614,Ahmad,O'Mahoney,aomahoneyh1@princeton.edu,9.67.130.162,171.6
615,Freddi,MacChaell,fmacchaellh2@networksolutions.com,183.24.75.201,156.9
616,Norton,Lymbourne,nlymbourneh3@apache.org,124.43.174.128,194.3
617,Annamarie,Suett,asuetth4@nifty.com,127.231.155.32,143.9
618,Cristian,Fleay,cfleayh5@is.gd,210.53.131.101,178.1
619,Reinhold,Feldman,rfeldmanh6@liveinternet.ru,95.128.199.154,145.0
620,Morie,Beretta,mberettah7@dion.ne.jp,92.145.23.175,167.8
621,Way,Ginnell,wginnellh8@ox.ac.uk,201.203.93.102,145.8
622,Sula,Dewdeny,sdewdenyh9@indiatimes.com,244.23.70.67,189.9
623,Kirbie,Kosel,,85.61.149.34,156.1
624,Sabine,Darinton,sdarintonhb@altervista.org,131.255.142.239,154.6
625,Trever,Millgate,tmillgatehc@cbslocal.com,172.65.74.199,185.3
626,Ronald,MacEllen,rmacellenhd@fastcompany.com,188.244.241.133,200.3
627,Gabriel,Lejeune,glejeunehe@twitter.com,1.16.113.219,201.1
628,Manya,Haslewood,mhaslewoodhf@umich.edu,18.63.180.210,187.6
629,Calley,Bendson,cbendsonhg@europa.eu,15.207.175.251,194.1
630,Ringo,Cockshut,rcockshuthh@canalblog.com,191.196.154.30,168.2
631,Salaidh,,sgollophi@typepad.com,109.219.230.117,199.0
632,Greer,Tarrant,gtarranthj@craigslist.org,221.84.196.61,187.3
633,Reese,Rawkesby,rrawkesbyhk@nytimes.com,121.62.99.192,174.3
634,Gayleen,Williment,gwillimenthl@eventbrite.com,116.14.130.112,187.7
635,Keven,Boc,kbochm@xing.com,182.109.121.155,164.1
636,Welsh,,wmckelveyhn@cnbc.com,205.157.168.225,169.2
637,Garret,Duchatel,gduchatelho@google.cn,192.53.111.26,175.6
638,Daniela,McCarney,dmccarneyhp@surveymonkey.com,171.225.122.133,191.3
639,Nancy,Lidstone,nlidstonehq@google.com.hk,8.199.91.82,173.7
640,Clarance,Hucklesby,chucklesbyhr@answers.com,241.221.222.171,143.4
641,Carlo,Hatchard,chatchardhs@canalblog.com,131.83.95.14,175.9
642,Deeanne,Bagger,dbaggerht@gnu.org,66.109.192.245,173.6
643,Connie,Stieger,cstiegerhu@squarespace.com,6.107.2.162,172.5
644,Wilbert,Han,whanhv@cnet.com,58.188.164.122,200.6
645,Heida,Tournie,htourniehw@ehow.com,77.201.139.150,196.9
646,Wright,Canceller,wcancellerhx@sciencedirect.com,126.84.75.85,194.6
647,Cass,Foulser,cfoulserhy@china.com.cn,239.240.177.133,177.6
648,Sande,M'Chirrie,smchirriehz@google.pl,250.198.79.244,159.9
649,Jarvis,Mowson,jmowsoni0@sakura.ne.jp,200.94.129.232,173.6
650,Pieter,Paylie,ppayliei1@eventbrite.com,143.181.188.184,196.5
651,Millisent,Schapero,mschaperoi2@angelfire.com,32.22.102.42,161.8
652,Taryn,Seiler,tseileri3@newyorker.com,110.94.211.202,188.2
653,Bent,Carnson,bcarnsoni4@privacy.gov.au,45.109.189.114,144.4
654,Daveta,Brun,dbruni5@pen.io,158.213.180.97,173.2
655,Minna,Leuchars,mleucharsi6@canalblog.com,169.177.63.218,178.7
656,Sande,Mungan,,33.99.201.25,162.9
657,Cecile,Duigenan,cduigenani8@dell.com,187.39.1.80,146.5
658,Marilin,Bolger,mbolgeri9@sohu.com,131.54.117.109,141.4
659,Sherill,Kinchin,skinchinia@de.vu,127.226.85.228,166.7
660,Chan,Glendinning,cglendinningib@phoca.cz,185.8.232.228,181.0
661,Alexandr,Clever,acleveric@mayoclinic.com,200.197.155.75,200.4
662,Hilarius,Shera,hsheraid@zimbio.com,40.58.151.65,189.4
663,Maximilien,Longstaff,mlongstaffie@over-blog.com,21.193.107.244,150.3
664,Farlee,Arnowitz,farnowitzif@woothemes.com,33.25.112.148,171.0
665,Christye,McEntee,cmcenteeig@about.me,55.129.249.101,141.1
666,Calypso,Kettlesing,ckettlesingih@netvibes.com,187.37.209.135,160.9
667,Gaspard,Stoate,gstoateii@pcworld.com,205.119.107.84,141.7
668,Andonis,McGinny,,223.7.243.75,188.1
669,Berky,Frowde,bfrowdeik@upenn.edu,28.229.196.135,189.1
670,Packston,Comsty,pcomstyil@google.ca,93.247.151.97,197.2
671,Judah,Robinett,jrobinettim@berkeley.edu,238.195.166.10,184.5
672,Clementius,Bonsul,cbonsulin@huffingtonpost.com,213.90.235.163,177.2
673,Paxon,,pbynoldio@constantcontact.com,77.61.3.159,189.2
674,Cleveland,Rewcastle,crewcastleip@intel.com,233.95.245.35,147.4
675,Tally,Bhatia,tbhatiaiq@slate.com,125.158.118.13,163.8
676,Spence,Greenrodd,sgreenroddir@gmpg.org,85.14.146.230,177.1
677,Robbie,Fitzhenry,rfitzhenryis@xing.com,125.223.84.201,157.3
678,Dorry,Hazard,dhazardit@hud.gov,109.229.49.235,180.3
679,Broderic,Vondracek,bvondracekiu@kickstarter.com,179.68.84.0,
680,Erika,Siccombe,esiccombeiv@gizmodo.com,37.14.253.130,189.5
681,Gaby,Dobble,gdobbleiw@google.com.hk,119.94.37.233,162.3
682,Patrica,Freckingham,pfreckinghamix@google.com,71.184.117.157,198.3
683,Yolande,Whardley,ywhardleyiy@cornell.edu,57.32.127.64,192.3
684,Nona,,npollastroiz@techcrunch.com,171.174.15.203,143.1
685,Valma,Dumberell,vdumberellj0@webeden.co.uk,23.2.128.151,193.0
686,Hansiain,Billingham,hbillinghamj1@toplist.cz,231.193.131.128,179.1
687,Collin,Mynett,cmynettj2@cornell.edu,140.247.210.180,147.1
688,Dominique,Gooderham,dgooderhamj3@archive.org,211.207.46.187,155.2
689,Karim,Egginton,keggintonj4@ucla.edu,18.203.161.124,169.3
690,Lem,Chrisp,lchrispj5@bravesites.com,168.107.225.162,155.7
691,Janek,Webber,,61.65.4.203,189.4
692,Gael,Foskew,gfoskewj7@creativecommons.org,217.213.146.231,200.7
693,Kendra,Clarae,kclaraej8@wikimedia.org,211.249.80.248,178.7
694,Emmaline,Lingfoot,elingfootj9@timesonline.co.uk,83.172.127.147,202.8
695,Tommie,Flieger,tfliegerja@lycos.com,165.7.226.80,176.8
696,Massimo,Denidge,mdenidgejb@berkeley.edu,186.86.147.212,166.5
697,Wolfy,Vel,wveljc@businesswire.com,20.110.92.190,155.5
698,Frasco,Desquesnes,,70.28.27.99,157.2
699,Dix,Spofford,dspoffordje@house.gov,73.97.58.101,156.5
700,Kip,Vickerstaff,kvickerstaffjf@privacy.gov.au,89.102.230.148,156.3
701,Jeniece,Samsin,jsamsinjg@etsy.com,217.148.189.244,144.7
702,Whitaker,Philpots,wphilpotsjh@independent.co.uk,2.141.253.147,183.1
703,Donna,Flatte,dflatteji@discuz.net,218.200.27.90,141.7
704,Fancy,Cowperthwaite,fcowperthwaitejj@google.com.au,143.224.180.151,146.2
705,Terri-jo,Roofe,troofejk@php.net,215.249.145.108,187.2
706,Jeanne,,jgallejl@free.fr,194.252.35.245,177.1
707,Alessandro,Haack,ahaackjm@dropbox.com,193.204.161.13,154.6
708,Johan,De Biasi,jdebiasijn@usa.gov,116.218.225.193,181.9
709,Aurea,Empleton,aempletonjo@macromedia.com,1.92.23.64,192.1
710,Basil,Semonin,bsemoninjp@csmonitor.com,18.201.109.65,
711,Broddy,Groombridge,bgroombridgejq@arizona.edu,162.116.0.243,179.8
712,Dede,Teas,dteasjr@typepad.com,148.237.196.221,141.0
713,Bernard,Pucknell,bpucknelljs@tiny.cc,218.114.131.202,140.3
714,Magda,Farrant,mfarrantjt@macromedia.com,80.114.220.131,187.6
715,Willie,Meugens,wmeugensju@freewebs.com,156.224.246.171,144.6
716,Veronika,Bedells,vbedellsjv@npr.org,176.64.64.149,159.4
717,Douglass,Wilbor,dwilborjw@gizmodo.com,246.99.157.57,156.1
718,Conway,Phinnessy,cphinnessyjx@sfgate.com,66.207.211.247,173.7
719,Car,McQuirter,cmcquirterjy@umich.edu,196.216.140.239,191.1
720,Carma,Narrie,cnarriejz@nyu.edu,190.125.52.252,173.7
721,Malva,Howat,mhowatk0@woothemes.com,23.57.217.28,145.9
722,Caro,Jenton,cjentonk1@mozilla.org,151.245.124.170,194.8
723,Demetre,Jakucewicz,djakucewiczk2@ezinearticles.com,94.109.73.168,177.4
724,Hallie,Sandiford,hsandifordk3@dot.gov,87.122.144.220,150.0
725,Dimitri,Corssen,dcorssenk4@dagondesign.com,107.221.102.184,169.0
726,Tarah,Rummings,trummingsk5@theguardian.com,23.240.9.45,198.4
727,Jillie,Largen,jlargenk6@woothemes.com,87.33.6.245,198.0
728,Tadd,Aubury,tauburyk7@apple.com,106.243.105.157,162.3
729,Kerk,Jeffryes,kjeffryesk8@elpais.com,137.80.216.110,187.7
730,Michaeline,Cockley,,166.6.216.240,153.6
731,Anastasie,Stailey,astaileyka@ifeng.com,15.173.42.76,166.5
732,Eli,Copcutt,ecopcuttkb@slashdot.org,39.70.142.137,173.8
733,Irma,Pietasch,ipietaschkc@livejournal.com,130.42.104.53,181.3
734,Cort,Einchcombe,ceinchcombekd@yellowpages.com,160.0.87.106,163.3
735,Doralia,Le Fleming,dleflemingke@cloudflare.com,213.72.233.14,158.6
736,Edan,Hodgen,ehodgenkf@usda.gov,112.243.183.46,184.5
737,Ryley,Sapir,rsapirkg@redcross.org,164.132.206.8,180.2
738,Sergio,Voak,svoakkh@prnewswire.com,171.126.165.143,159.7
739,Harley,Gauson,hgausonki@ifeng.com,254.117.218.208,156.2
740,Kary,Sargeaunt,ksargeauntkj@about.com,38.223.91.30,147.7
741,Nedda,Natwick,nnatwickkk@gravatar.com,87.167.48.97,173.4
742,Isaiah,Linnemann,ilinnemannkl@apache.org,198.186.70.44,151.0
743,Clarinda,Kohrt,ckohrtkm@e-recht24.de,82.66.115.247,187.3
744,Evy,Hambly,ehamblykn@clickbank.net,216.204.123.206,184.2
745,Lisetta,,lattyko@eventbrite.com,17.128.25.124,199.6
746,Alyosha,Trippack,atrippackkp@scribd.com,243.134.216.197,146.8
747,Yovonnda,Hinchshaw,,138.244.246.79,189.1
748,Teodoro,Gerholz,tgerholzkr@macromedia.com,15.176.173.166,201.2
749,Benetta,Zoephel,bzoephelks@go.com,2.31.56.191,165.8
750,Beverley,Delmonti,bdelmontikt@behance.net,9.93.31.196,198.2
751,Lorrayne,Dutnell,ldutnellku@cdc.gov,6.204.212.200,140.2
752,Ricca,Alliban,rallibankv@fotki.com,24.111.177.78,193.6
753,Alfreda,Spyby,aspybykw@squarespace.com,140.22.249.155,143.2
754,Akim,Prevost,aprevostkx@dmoz.org,82.17.14.147,162.6
755,Brig,Filon,bfilonky@cargocollective.com,134.246.8.152,180.7
756,Zaneta,Flea,zfleakz@quantcast.com,23.127.18.92,152.4
757,Homerus,Londsdale,hlondsdalel0@yahoo.com,127.201.83.81,144.2
758,Nathanial,Form,nforml1@homestead.com,229.197.40.252,187.6
759,Vernice,Iannazzi,,227.254.19.46,167.8
760,Jarad,Spearing,jspearingl3@sciencedaily.com,55.218.137.241,177.8
761,Kayley,,krosenbushl4@addtoany.com,21.24.114.13,177.5
762,Barbee,Hilley,bhilleyl5@qq.com,227.165.118.182,174.3
763,Aurelea,Mathes,amathesl6@dell.com,233.28.46.116,192.8
764,Keeley,Warfield,kwarfieldl7@icq.com,52.237.58.151,193.1
765,Kennie,Struthers,kstruthersl8@amazon.com,89.101.224.177,140.9
766,Tonye,Hellin,thellinl9@so-net.ne.jp,222.141.173.46,156.9
767,Dean,Childs,dchildsla@netlog.com,159.57.114.147,150.6
768,Skip,Kennelly,skennellylb@dyndns.org,181.251.113.138,167.0
769,Kial,Joreau,kjoreaulc@moonfruit.com,87.43.112.151,200.2
770,Codie,Sagg,,48.49.224.211,201.6
771,Augustin,Echallier,aechallierle@dropbox.com,110.239.169.214,183.3
772,Tim,De Vaux,tdevauxlf@sun.com,38.50.150.64,190.5
773,Thaddus,Mossbee,tmossbeelg@deviantart.com,225.163.79.180,
774,Wilmar,Penhallurick,,9.10.69.246,143.2
775,Marcella,Hallyburton,mhallyburtonli@wikispaces.com,19.52.157.24,158.7
776,Doloritas,McGrory,dmcgrorylj@youtube.com,121.162.91.87,159.3
777,Reiko,Pullen,rpullenlk@delicious.com,155.129.1.60,202.4
778,Barclay,Bangs,bbangsll@newsvine.com,31.13.225.142,172.1
779,Sharona,Fleis,sfleislm@salon.com,146.129.10.98,183.8
780,Johnny,Carluccio,jcarluccioln@lycos.com,133.95.30.246,186.5
781,Leandra,Brydon,lbrydonlo@instagram.com,138.153.212.209,144.1
782,Elvis,Noone,enoonelp@wikispaces.com,5.60.185.69,191.8
783,Hendrick,Scarborough,hscarboroughlq@photobucket.com,44.148.128.130,198.7
784,Lawton,Moatt,lmoattlr@gnu.org,252.181.121.187,196.7
785,Dorette,Gleeson,dgleesonls@macromedia.com,128.44.11.175,174.9
786,Heloise,Stronough,hstronoughlt@dailymail.co.uk,118.119.84.206,179.9
787,Winny,Lebbon,wlebbonlu@livejournal.com,25.94.214.98,
788,Roxanne,Asman,rasmanlv@123-reg.co.uk,51.63.69.53,155.1
789,Star,Champion,schampionlw@tmall.com,233.73.8.182,171.6
790,Iain,Sharrocks,isharrockslx@wunderground.com,241.30.83.85,
791,Milton,Hartlebury,mhartleburyly@webmd.com,109.84.23.165,192.6
792,Lula,Minter,lminterlz@flavors.me,62.66.163.230,197.1
793,Shurlock,MacAiline,smacailinem0@wsj.com,46.212.94.112,184.9
794,Martguerita,Cormode,,207.181.63.68,158.2
795,Cobby,Inman,cinmanm2@wikia.com,250.191.208.65,153.5
796,Jamill,Badcock,jbadcockm3@blogger.com,151.44.137.228,150.7
797,Garald,Pinke,gpinkem4@dell.com,126.215.181.225,200.7
798,Dimitri,Tadlow,dtadlowm5@skyrock.com,243.175.134.175,156.5
799,Xerxes,Blasetti,xblasettim6@comcast.net,152.156.52.151,
800,Fabio,Fearon,ffearonm7@multiply.com,216.119.179.116,199.3
801,Jess,Corballis,,138.168.156.36,155.9
802,Marshall,Fowkes,mfowkesm9@huffingtonpost.com,113.253.7.128,150.1
803,Florencia,Barus,fbarusma@fema.gov,208.44.244.9,172.2
804,Arni,Cowthart,acowthartmb@google.co.jp,202.197.101.23,177.5
805,Ileane,Harmon,iharmonmc@sina.com.cn,123.109.42.122,179.7
806,Jedidiah,Gammill,jgammillmd@slate.com,238.251.160.146,152.6
807,Norman,Billany,,113.193.117.112,182.8
808,Fanni,Adamo,fadamomf@wunderground.com,191.244.13.198,150.9
809,Viola,Penrice,vpenricemg@lycos.com,213.97.96.124,160.4
810,Gigi,Scholz,gscholzmh@europa.eu,46.87.242.13,192.9
811,Bethena,Barkley,bbarkleymi@aol.com,92.226.63.189,
812,Lauraine,Monte,lmontemj@naver.com,148.55.25.185,180.3
813,Seymour,Kalinsky,skalinskymk@imdb.com,161.31.67.2,148.8
814,Eda,Tourmell,etourmellml@boston.com,208.150.24.108,179.4
815,Dud,Farmery,dfarmerymm@360.cn,58.131.37.140,150.9
816,Caron,Legan,cleganmn@accuweather.com,19.124.183.179,181.5
817,Emmit,Albasiny,ealbasinymo@globo.com,144.63.211.230,179.5
818,Vilma,Bluett,vbluettmp@lulu.com,241.204.207.141,182.3
819,Duky,Guiduzzi,dguiduzzimq@yellowbook.com,184.130.211.57,151.3
820,Conny,Goodlett,cgoodlettmr@chron.com,19.129.198.106,202.3
821,Victoria,Headingham,vheadinghamms@comsenz.com,27.138.80.176,194.6
822,Nannette,Squirrell,nsquirrellmt@paginegialle.it,42.49.37.39,173.6
823,Kathryne,Alvarado,kalvaradomu@123-reg.co.uk,56.175.130.187,181.0
824,Dulcea,Aylen,daylenmv@admin.ch,38.3.84.3,170.4
825,Lev,Ruane,lruanemw@addtoany.com,52.180.173.99,147.0
826,Cecil,McGeaney,cmcgeaneymx@slideshare.net,75.56.232.114,171.1
827,Corilla,Avramovic,cavramovicmy@vk.com,253.160.113.170,145.8
828,Steven,Siddeley,ssiddeleymz@yellowbook.com,159.58.73.72,152.5
829,Sheilah,Myrtle,smyrtlen0@vimeo.com,120.144.120.120,183.5
830,Amos,Kinder,akindern1@yolasite.com,239.26.101.71,183.0
831,Willey,Lauret,wlauretn2@joomla.org,87.186.191.232,
832,Blair,Braham,bbrahamn3@un.org,156.92.139.9,184.8
833,Billy,Beharrell,bbeharrelln4@creativecommons.org,25.107.225.189,179.7
834,Denny,Duerden,dduerdenn5@example.com,161.158.216.191,195.1
835,Salome,Courtese,scourtesen6@biblegateway.com,198.192.1.149,176.6
836,Aland,Conville,aconvillen7@illinois.edu,250.36.236.33,182.1
837,Hervey,Bachman,hbachmann8@guardian.co.uk,218.158.102.77,198.1
838,Geoff,Fontel,gfonteln9@sogou.com,58.203.221.124,146.8
839,Viviyan,Abramowitz,vabramowitzna@skype.com,31.76.97.124,182.4
840,Ileana,Ramel,iramelnb@ed.gov,108.178.16.50,189.0
841,Yves,Proffitt,yproffittnc@nps.gov,127.179.129.155,154.1
842,Quinlan,Thickpenny,,15.70.95.24,149.9
843,Carr,Walshe,cwalshene@nhs.uk,17.41.163.126,147.1
844,Virginia,Hessel,vhesselnf@alexa.com,155.232.217.219,196.4
845,Rici,Gerrett,rgerrettng@addtoany.com,149.110.74.170,143.5
846,Denise,Kowalski,,216.181.254.243,183.7
847,Aimee,Skeates,askeatesni@fema.gov,161.155.152.28,179.4
848,Rozamond,Proske,rproskenj@wikia.com,246.141.3.83,140.5
849,Lammond,D'Alessio,ldalessionk@yahoo.com,147.117.30.236,177.2
850,Corrina,Breffit,,20.71.184.125,181.8
851,Justis,Mallall,jmallallnm@dagondesign.com,152.130.193.134,196.2
852,Leonora,Smallthwaite,lsmallthwaitenn@umn.edu,29.161.144.217,177.0
853,Sayre,Dosdell,sdosdellno@unesco.org,239.126.102.23,188.2
854,Edyth,Winwood,ewinwoodnp@ycombinator.com,84.117.135.113,165.0
855,Ogdan,Hefferon,ohefferonnq@mozilla.org,118.18.147.158,169.8
856,Morty,Wishart,mwishartnr@wikispaces.com,153.239.4.180,184.6
857,Henderson,Fetters,hfettersns@rambler.ru,43.214.81.155,198.9
858,Clarie,Weymont,cweymontnt@google.pl,226.232.189.104,174.7
859,Brand,Swinney,bswinneynu@soup.io,8.137.80.193,169.9
860,Fleurette,Paulon,fpaulonnv@sciencedirect.com,144.83.148.203,194.9
861,Natividad,Buller,nbullernw@ibm.com,27.228.33.149,142.4
862,Audie,Mumford,amumfordnx@wix.com,189.42.146.195,176.7
863,Nelle,Hebner,nhebnerny@biblegateway.com,215.229.5.172,188.6
864,Javier,,jrennoxnz@g.co,246.71.180.110,159.1
865,Muffin,Shorthill,mshorthillo0@nationalgeographic.com,134.85.179.127,191.7
866,Mason,Swinden,mswindeno1@va.gov,176.182.83.48,201.3
867,Bree,McCleary,bmcclearyo2@biblegateway.com,8.162.202.43,154.9
868,Kasey,Wilmore,kwilmoreo3@mtv.com,217.159.32.143,195.7
869,Griffie,Viall,gviallo4@oaic.gov.au,226.230.212.148,145.0
870,Maurits,Garrals,mgarralso5@epa.gov,46.231.83.193,164.5
871,Quintana,Blincko,qblinckoo6@dropbox.com,239.59.27.211,197.3
872,Burch,Webling,bweblingo7@craigslist.org,102.121.162.142,198.4
873,Colver,Menlove,cmenloveo8@nationalgeographic.com,72.107.170.136,145.3
874,Betta,Rubinov,brubinovo9@sun.com,66.242.181.39,146.0
875,Wain,Steuart,wsteuartoa@a8.net,45.196.141.196,153.0
876,Constancia,,cfellsob@prnewswire.com,176.227.202.188,198.3
877,Cleon,,cwhitworthoc@dell.com,35.55.122.127,149.3
878,Brandy,Theriot,btheriotod@accuweather.com,15.129.245.11,183.2
879,Bette,Larkings,blarkingsoe@mapquest.com,192.253.58.139,
880,Devin,Simmers,dsimmersof@spotify.com,215.95.87.126,145.8
881,Cobbie,Baldree,cbaldreeog@mail.ru,126.139.11.64,200.4
882,Even,Lean,eleanoh@dmoz.org,41.79.208.184,199.1
883,Krispin,Maddocks,kmaddocksoi@virginia.edu,47.147.49.129,154.8
884,Katee,Eyckelberg,keyckelbergoj@diigo.com,117.231.242.245,175.1
885,Dela,Dmitrichenko,ddmitrichenkook@microsoft.com,13.10.119.220,166.4
886,Monica,Coldrick,mcoldrickol@taobao.com,201.234.32.169,154.0
887,Link,Shields,lshieldsom@ucsd.edu,221.176.200.158,171.5
888,Nydia,Haswell,nhaswellon@newsvine.com,100.145.237.184,184.9
889,Kenn,Jahner,kjahneroo@dailymail.co.uk,140.187.221.50,158.3
890,Janka,Randall,jrandallop@jimdo.com,37.37.91.50,
891,Brody,Kearney,bkearneyoq@fema.gov,181.3.125.70,156.0
892,Inger,Ballintyne,iballintyneor@dyndns.org,106.58.138.4,198.4
893,Carr,Laise,claiseos@unblog.fr,227.147.155.238,155.3
894,Adriaens,Gilbank,agilbankot@studiopress.com,117.211.253.220,182.6
895,Alberto,Filppetti,afilppettiou@uol.com.br,225.137.177.59,191.4
896,Agatha,Zoane,azoaneov@dailymotion.com,163.86.141.174,154.5
897,Harmony,Delany,hdelanyow@squidoo.com,205.90.11.105,199.2
898,Kermy,Spilsburie,kspilsburieox@epa.gov,33.8.151.36,
899,Vonnie,Naulty,vnaultyoy@purevolume.com,166.217.67.14,148.5
900,Taddeo,Dudleston,tdudlestonoz@bbc.co.uk,81.25.50.80,159.2
901,Leshia,Raynton,lrayntonp0@webeden.co.uk,178.186.108.147,149.6
902,Essy,Benard,ebenardp1@blogtalkradio.com,24.57.186.39,185.7
903,Forester,Matteoni,fmatteonip2@vimeo.com,124.90.119.124,154.6
904,Ermanno,Savery,esaveryp3@about.com,70.213.244.123,196.8
905,Sherlock,Lagde,slagdep4@cocolog-nifty.com,136.179.210.61,140.6
906,Queenie,Beak,qbeakp5@uiuc.edu,45.49.242.176,197.5
907,Gary,Dudill,gdudillp6@google.it,58.192.217.140,165.9
908,Bryana,Bremeyer,bbremeyerp7@liveinternet.ru,117.180.38.46,165.7
909,Lynne,Slingsby,lslingsbyp8@google.co.uk,4.56.47.215,194.7
910,Hermon,Stockbridge,hstockbridgep9@tinyurl.com,181.31.204.105,171.8
911,Kinny,Playden,,86.243.6.57,196.0
912,Nissa,Sibbit,nsibbitpb@1688.com,89.1.190.224,177.7
913,Sayre,Hinkley,shinkleypc@posterous.com,20.58.70.217,150.9
914,Ofelia,Halahan,ohalahanpd@pinterest.com,84.195.25.43,170.1
915,Dorisa,Sizzey,dsizzeype@histats.com,174.148.203.11,172.4
916,Ryun,Buntin,rbuntinpf@imdb.com,22.72.101.186,159.2
917,Stephenie,Kempshall,skempshallpg@utexas.edu,202.221.229.72,200.4
918,Juliann,Guarnier,jguarnierph@pbs.org,10.30.246.201,
919,Celinka,Stower,cstowerpi@photobucket.com,245.123.50.250,146.1
920,Ruddie,Farlow,rfarlowpj@elpais.com,183.120.238.233,192.7
921,Leopold,McKall,,48.22.64.161,178.6
922,Adriaens,Maffeo,amaffeopl@google.com,191.118.222.145,192.8
923,Monroe,Knibbs,mknibbspm@nyu.edu,13.70.149.101,176.4
924,Basil,Dearnaly,bdearnalypn@si.edu,107.187.98.30,184.4
925,Marnie,Betteridge,mbetteridgepo@noaa.gov,69.71.238.97,151.4
926,Rey,Pakenham,,224.69.231.48,
927,Rory,Lacelett,rlacelettpq@ebay.co.uk,165.137.173.167,171.7
928,Leelah,Sinyard,lsinyardpr@hibu.com,24.179.58.97,185.1
929,Wat,MacLese,wmacleseps@wiley.com,44.164.49.149,145.2
930,Reggie,Rigeby,,3.164.38.229,165.6
931,Byrann,East,beastpu@barnesandnoble.com,235.36.36.4,183.7
932,Nat,Ofer,noferpv@howstuffworks.com,50.85.171.137,185.0
933,Norris,Sim,nsimpw@odnoklassniki.ru,106.77.5.64,148.2
934,Arly,Stollenhof,astollenhofpx@bloglovin.com,143.23.115.133,190.7
935,Carol-jean,Brownjohn,cbrownjohnpy@seesaa.net,252.55.180.127,147.9
936,Marion,Rapkins,,239.86.78.209,191.3
937,Arlen,Danaher,,206.235.117.119,161.6
938,Mommy,Itzhak,mitzhakq1@canalblog.com,186.52.207.244,164.7
939,Kath,Elkins,kelkinsq2@dedecms.com,15.214.28.220,189.7
940,Dyanna,Ivashinnikov,divashinnikovq3@livejournal.com,56.132.55.207,176.9
941,Becki,Tagg,btaggq4@google.cn,83.107.188.82,172.0
942,Brocky,Carhart,bcarhartq5@altervista.org,187.59.163.76,177.3
943,Valaree,Ferrier,vferrierq6@edublogs.org,154.101.69.159,143.0
944,Margy,Palluschek,mpalluschekq7@surveymonkey.com,234.64.173.5,155.3
945,Normy,Feldbau,nfeldbauq8@businesswire.com,14.172.41.214,189.7
946,Felicio,Shillitto,fshillittoq9@webeden.co.uk,207.248.60.92,157.2
947,Godiva,Ramard,gramardqa@edublogs.org,13.39.201.221,183.9
948,Tobiah,Kopfen,tkopfenqb@va.gov,107.245.149.125,190.5
949,Maureene,Rosetti,,24.163.35.230,152.1
950,Leupold,Rozenbaum,lrozenbaumqd@mtv.com,22.80.147.226,173.1
951,Davidson,Geke,dgekeqe@prnewswire.com,62.96.238.163,163.5
952,Isadora,Duran,iduranqf@amazonaws.com,226.11.121.96,172.9
953,Clevey,Rigmond,crigmondqg@dot.gov,201.88.6.121,168.2
954,Noah,Vinall,nvinallqh@technorati.com,88.222.134.124,187.2
955,Henka,Eamer,heamerqi@google.de,242.224.182.1,173.6
956,Meryl,Gibke,mgibkeqj@sciencedaily.com,79.75.213.210,189.8
957,Tyrone,Whiten,twhitenqk@exblog.jp,242.69.42.69,195.5
958,Harley,O'Henehan,hohenehanql@fda.gov,165.115.104.227,168.1
959,Leyla,Clemenceau,lclemenceauqm@bravesites.com,43.30.48.43,154.0
960,Rosemary,Joslyn,rjoslynqn@gov.uk,99.195.249.223,193.4
961,Arvy,Olifaunt,aolifauntqo@unblog.fr,2.2.226.204,157.6
962,Timoteo,Schapero,tschaperoqp@gizmodo.com,110.242.15.96,141.4
963,Ozzie,Brodway,obrodwayqq@smugmug.com,81.42.178.56,182.3
964,Rosalinde,Higgan,rhigganqr@godaddy.com,17.160.143.173,153.2
965,Brett,Jerrans,bjerransqs@java.com,168.223.200.144,167.5
966,Dalli,,ddundonqt@hatena.ne.jp,88.249.82.150,145.1
967,Wandie,Ellin,wellinqu@edublogs.org,150.200.247.81,188.7
968,Gratiana,Barnson,gbarnsonqv@time.com,31.38.175.90,180.6
969,Si,Carroll,scarrollqw@epa.gov,81.50.12.102,177.5
970,Josey,Burtt,jburttqx@alexa.com,113.149.29.54,198.0
971,Briggs,Devita,bdevitaqy@sitemeter.com,175.71.212.157,162.3
972,Winny,,wvaneevqz@cdc.gov,107.168.171.67,162.3
973,Alphard,Soane,,65.170.84.50,140.7
974,Yvor,de Mullett,ydemullettr1@ebay.com,70.63.156.79,189.2
975,Reade,McKim,rmckimr2@tiny.cc,100.167.233.229,199.1
976,Rivkah,Aery,raeryr3@omniture.com,101.21.181.255,
977,Rosemarie,Grinaway,rgrinawayr4@google.ca,100.172.137.103,158.2
978,Bradley,Sinnatt,bsinnattr5@adobe.com,221.178.225.38,174.2
979,Sybil,Face,sfacer6@livejournal.com,17.96.12.48,145.2
980,Abram,Oliphand,aoliphandr7@stanford.edu,57.254.158.165,142.9
981,Ameline,Doswell,adoswellr8@godaddy.com,129.205.167.48,183.7
982,Tobin,Tidmas,ttidmasr9@lycos.com,218.84.17.91,154.9
983,Clarita,Sicily,csicilyra@cargocollective.com,136.230.32.173,159.2
984,Herb,Lamartine,hlamartinerb@amazon.de,116.104.183.253,170.6
985,Merrielle,Devall,mdevallrc@intel.com,147.194.9.16,162.9
986,Aeriell,Henrot,,79.62.147.14,191.6
987,Lauri,Touhig,ltouhigre@earthlink.net,255.95.21.25,142.1
988,Alidia,Tubb,atubbrf@wunderground.com,31.113.80.63,164.8
989,Lonee,Kellart,lkellartrg@reverbnation.com,20.97.205.5,177.7
990,Jamima,Putten,jputtenrh@weebly.com,170.230.176.148,201.5
991,Johnathan,Coughlin,jcoughlinri@yellowpages.com,21.142.190.137,202.7
992,Alissa,Janouch,ajanouchrj@github.com,66.179.102.80,154.9
993,Maia,Maundrell,,231.72.81.77,
994,Wren,Codling,wcodlingrl@bbb.org,124.201.238.214,188.4
995,Guntar,Bolesma,gbolesmarm@pbs.org,99.193.242.97,172.7
996,Marc,Lawlie,mlawliern@soup.io,70.34.155.168,157.4
997,Elysia,Sellan,esellanro@amazonaws.com,255.68.79.157,147.6
998,Verine,Yallowley,vyallowleyrp@wunderground.com,64.42.105.137,176.5
999,Woodman,Sarfati,wsarfatirq@about.com,108.100.192.34,180.1
1000,Elsi,Giraudat,egiraudatrr@networkadvertising.org,30.244.165.130,195.7
